Gene,Total_eQTLs,Significant_p<0.05,Highly_Sig_p<0.001,Mean_Effect_Size,Tissues,Min_p_value_CORRECTED,Max_neg_log10_pval
CACNA1C,136,136,136,-0.4684297720588235,2,2.29185e-15,14.639813810048478
CHD8,20,20,20,-0.33124995,1,2.67698e-09,8.572354873460839
CNTNAP2,20,20,20,0.6944451999999999,2,5.15641e-06,5.287652558025704
FOXP2,37,37,37,0.18951418918918916,2,3.73394e-06,5.4278326649295945
THEMIS,2,2,2,-0.2434965,1,5.09778e-06,5.2926189108925765
